{
  "cv_train_f1_mean": 0.7992655677115046,
  "cv_valid_f1_mean": 0.7825973267226816,
  "cv_valid_f1_std": 0.020072603789553896,
  "test_accuracy": 0.8768361581920904,
  "test_precision": 0.7966101694915254,
  "test_recall": 0.8274647887323944,
  "test_f1": 0.8117443868739206,
  "test_roc_auc": 0.9324541257528532,
  "overfitting_gap": 0.016668240988823024,
  "fit_diagnosis": "Sem evidência forte de overfitting/underfitting; modelo com generalização aceitável."
}